Track name, Artist name, Album, Playlist name, Type
Your Mom's House Podcast - Ep. 571 w/ Marcus King,,,YMH Podcast - Full Episodes,Playlist track
Your Mom's House Podcast - Ep. 570 w/ Ian Bagg,,,YMH Podcast - Full Episodes,Playlist track
Your Mom's House Podcast - Ep. 569 w/ Duncan Trussell,,,YMH Podcast - Full Episodes,Playlist track
Your Mom's House Podcast - Ep. 568 w/ Kevin Nealon,,,YMH Podcast - Full Episodes,Playlist track
Your Mom's House Podcast - Ep. 567 w/ Fortune Feimster,,,YMH Podcast - Full Episodes,Playlist track
Your Mom's House Podcast - Ep. 566,,,YMH Podcast - Full Episodes,Playlist track
Your Mom's House Podcast - Ep. 565,,,YMH Podcast - Full Episodes,Playlist track
Your Mom's House Podcast - Ep. 564 w/ Johnny Pemberton,,,YMH Podcast - Full Episodes,Playlist track
Your Mom's House Podcast - Ep. 563 w/ Brian Simpson,,,YMH Podcast - Full Episodes,Playlist track
Your Mom's House Podcast - Ep. 562,,,YMH Podcast - Full Episodes,Playlist track
Your Mom's House Podcast - Ep. 561 w/ Jamie-Lynn Sigler & Robert Iler,,,YMH Podcast - Full Episodes,Playlist track
Your Mom's House Podcast - Ep. 560 w/ Dr. Drew Pinsky,,,YMH Podcast - Full Episodes,Playlist track
Your Mom's House Podcast - Ep. 559 w/ Russell Peters,,,YMH Podcast - Full Episodes,Playlist track
Your Mom's House Podcast - Ep. 558 w/ Taylor Tomlinson,,,YMH Podcast - Full Episodes,Playlist track
Your Mom's House Podcast - Ep. 557,,,YMH Podcast - Full Episodes,Playlist track
Your Mom's House Podcast - Ep. 556 w/ Cesar Millan,,,YMH Podcast - Full Episodes,Playlist track
Your Mom's House Podcast - Ep. 555,,,YMH Podcast - Full Episodes,Playlist track
Your Mom's House Podcast - Ep. 554 w/ Ryan Sickler,,,YMH Podcast - Full Episodes,Playlist track
"Your Mom's House Podcast - Ep. 553 w/ Tony Hinchcliffe, Ron Funches, Earl Skakel & Steve Simeone",,,YMH Podcast - Full Episodes,Playlist track
Your Mom's House Podcast - Ep. 552,,,YMH Podcast - Full Episodes,Playlist track
Your Mom's House Podcast - Ep. 551,,,YMH Podcast - Full Episodes,Playlist track
Your Mom's House Podcast - Ep. 550 w/ Jo Koy,,,YMH Podcast - Full Episodes,Playlist track
Your Mom's House Podcast - Ep. 549,,,YMH Podcast - Full Episodes,Playlist track
Your Mom's House Podcast - Ep. 548,,,YMH Podcast - Full Episodes,Playlist track
Your Mom's House Podcast - Ep. 547 w/ Chris D'Elia,,,YMH Podcast - Full Episodes,Playlist track
Your Mom's House Podcast - Ep. 546,,,YMH Podcast - Full Episodes,Playlist track
Your Mom's House Podcast - Ep. 545 w/ Tommy Lee & Brittany Furlan,,,YMH Podcast - Full Episodes,Playlist track
Your Mom's House Podcast - Ep. 544 w/ Tim Dillon,,,YMH Podcast - Full Episodes,Playlist track
Your Mom's House Podcast - Ep. 543 w/ Bert Kreischer,,,YMH Podcast - Full Episodes,Playlist track
"BONUS Coronavirus Episode - Your Mom's House Podcast w/ Dr. Alexis Fawx & Not ""Sam Tripoli""",,,YMH Podcast - Full Episodes,Playlist track
Your Mom's House Podcast - Ep. 542 w/ Dr. Drew,,,YMH Podcast - Full Episodes,Playlist track
Your Mom's House Podcast - Ep. 541 w/ Moshe Kasher & Natasha Leggero & Creators of HBO's McMillions,,,YMH Podcast - Full Episodes,Playlist track
Your Mom's House Podcast - Ep. 540 w/ Tony Hinchcliffe,,,YMH Podcast - Full Episodes,Playlist track
Your Mom's House Podcast - Ep. 539 w/ Tom Papa & Kreayshawn,,,YMH Podcast - Full Episodes,Playlist track
Your Mom's House Podcast - Ep. 538 w/ Michael Rapaport,,,YMH Podcast - Full Episodes,Playlist track
Your Mom's House Podcast - Ep. 537,,,YMH Podcast - Full Episodes,Playlist track
Your Mom's House Podcast - Ep. 536 w/ Matt Fulchiron,,,YMH Podcast - Full Episodes,Playlist track
Your Mom's House Podcast - Ep. 535 w/ Robert Hines,,,YMH Podcast - Full Episodes,Playlist track
Your Mom's House Podcast - Ep. 534,,,YMH Podcast - Full Episodes,Playlist track
Your Mom's House Podcast - Ep. 533 w/ Daymond John,,,YMH Podcast - Full Episodes,Playlist track
Your Mom's House Podcast - Ep. 532 Best Mom-ents of 2019,,,YMH Podcast - Full Episodes,Playlist track
Your Mom's House Podcast - Ep. 531 w/ Craig Ferguson,,,YMH Podcast - Full Episodes,Playlist track
Your Mom's House Podcast - Ep. 530 w/ Andrew Santino,,,YMH Podcast - Full Episodes,Playlist track
Your Mom's House Podcast - Ep. 529 w/ Kate Kennedy,,,YMH Podcast - Full Episodes,Playlist track
Your Mom's House Podcast - Ep. 528,,,YMH Podcast - Full Episodes,Playlist track
Your Mom's House Podcast - Ep. 527 w/ Gabriel Iglesias & J. Elvis Weinstein,,,YMH Podcast - Full Episodes,Playlist track
Your Mom's House Podcast - Ep. 526,,,YMH Podcast - Full Episodes,Playlist track
Your Mom's House Podcast - Ep. 525 w/ Judd Apatow & Brian Simpson,,,YMH Podcast - Full Episodes,Playlist track
Your Mom's House Podcast - Ep. 524 w/ Yakov Smirnoff,,,YMH Podcast - Full Episodes,Playlist track
Your Mom's House Podcast - Ep. 523 w/ Nikki Glaser,,,YMH Podcast - Full Episodes,Playlist track
Your Mom's House Podcast - Ep. 522 w/ Elizabeth Lail,,,YMH Podcast - Full Episodes,Playlist track
Your Mom's House Podcast - Ep. 521 w/ Jessica Kirson,,,YMH Podcast - Full Episodes,Playlist track
Your Mom's House Podcast - Ep. 520 w/ Melissa Villase√±or,,,YMH Podcast - Full Episodes,Playlist track
Your Mom's House Podcast - Ep. 519 w/ Ian Edwards,,,YMH Podcast - Full Episodes,Playlist track
Your Mom's House Podcast w/ Big Jay Oakerson - Ep. 518,,,YMH Podcast - Full Episodes,Playlist track
Your Mom's House Podcast - Ep. 517 w/ Steve-O,,,YMH Podcast - Full Episodes,Playlist track
Your Mom's House Podcast - Ep. 516 w/ Donnell Rawlings & Grant Cardone,,,YMH Podcast - Full Episodes,Playlist track
Your Mom's House Podcast w/ Dr. Drew Pinsky - Ep. 515,,,YMH Podcast - Full Episodes,Playlist track
Your Mom's House Podcast w/ Jo Koy - Ep. 514,,,YMH Podcast - Full Episodes,Playlist track
Your Mom's House Podcast - Ep. 513 w/ Anthony Jeselnik,,,YMH Podcast - Full Episodes,Playlist track
Your Mom's House Podcast - Ep. 512 w/ Alyssa Milano,,,YMH Podcast - Full Episodes,Playlist track
Your Mom's House Podcast - Ep. 511 w/ Ryan Sickler and Steven Randolph,,,YMH Podcast - Full Episodes,Playlist track
Your Mom's House Podcast - Ep. 510 w/ Nicole Byer,,,YMH Podcast - Full Episodes,Playlist track
Your Mom's House Podcast (Solo) - Ep. 509,,,YMH Podcast - Full Episodes,Playlist track
Your Mom's House Podcast - Ep. 508 w/ Johnny Pemberton & Geoff Tate,,,YMH Podcast - Full Episodes,Playlist track
Your Mom's House Podcast - Ep. 507 w/ DMC,,,YMH Podcast - Full Episodes,Playlist track
Your Mom's House Podcast - Ep. 506 w/ Amanda Cerny & Steve Byrne,,,YMH Podcast - Full Episodes,Playlist track
Your Mom's House Podcast - Ep. 505 w/ Theo Von,,,YMH Podcast - Full Episodes,Playlist track
Your Mom's House Podcast - Ep. 504 w/ Tigerbelly,,,YMH Podcast - Full Episodes,Playlist track
Your Mom's House Podcast - Ep. 503,,,YMH Podcast - Full Episodes,Playlist track
Your Mom's House Podcast - Ep. 502 w/ Jim Gaffigan & Andrew Collin,,,YMH Podcast - Full Episodes,Playlist track
Your Mom's House Podcast - Ep. 501 w/ Adam Ray & Maz Jobrani,,,YMH Podcast - Full Episodes,Playlist track
Your Mom's House Podcast - Ep. 500 w/ Brendon Urie,,,YMH Podcast - Full Episodes,Playlist track
Your Mom's House Podcast - Ep. 499 w/ H3H3,,,YMH Podcast - Full Episodes,Playlist track
Your Mom's House Podcast - Ep. 498 w/ Sera Gamble & Heath Evans,,,YMH Podcast - Full Episodes,Playlist track
Your Mom's House Podcast - Ep. 497 w/ Dane Cook & Ryan Stout,,,YMH Podcast - Full Episodes,Playlist track
Your Mom's House Podcast - Ep. 496 w/ Try It Out Guy & Scott Thompson,,,YMH Podcast - Full Episodes,Playlist track
Your Mom's House Podcast - Ep. 495 w/ Rhett & Link,,,YMH Podcast - Full Episodes,Playlist track
"Your Mom's House Podcast - Ep. 494 w/ Joey ""Coco"" Diaz",,,YMH Podcast - Full Episodes,Playlist track
Your Mom's House Podcast - Ep. 493 w/ Kevin Christy & George Perez,,,YMH Podcast - Full Episodes,Playlist track
Your Mom's House Podcast - Ep. 492 w/ Sean Evans,,,YMH Podcast - Full Episodes,Playlist track
Your Mom's House Podcast Ep. 491 - w/ Jeff Ross,,,YMH Podcast - Full Episodes,Playlist track
"Your Mom's House Podcast - Ep. 490 w/ Wheeler Walker Jr, Too Short & Kevin Blatt",,,YMH Podcast - Full Episodes,Playlist track
Your Mom's House Podcast - Ep. 489 w/ Brendan Schaub & Jake Weisman and Matt Ingebretson,,,YMH Podcast - Full Episodes,Playlist track
Your Mom's House Podcast - Ep. 488 w/ Bert Kreischer,,,YMH Podcast - Full Episodes,Playlist track
Your Mom's House Podcast - Ep. 487 w/ Greg Fitzsimmons and Kyle Kinane,,,YMH Podcast - Full Episodes,Playlist track
Your Mom's House Podcast - Ep. 486 w/ Danny Brown,,,YMH Podcast - Full Episodes,Playlist track
Your Mom's House Podcast - Ep. 485 w/ Big Daddy Kane,,,YMH Podcast - Full Episodes,Playlist track
Your Mom's House Podcast - Ep. 484 w/ Yoshi & Redban,,,YMH Podcast - Full Episodes,Playlist track
Your Mom's House Podcast - Ep. 483 w/ Neal Brennan & Pete Holmes,,,YMH Podcast - Full Episodes,Playlist track
Your Mom's House Podcast - Ep. 482 w/ Liza Treyger,,,YMH Podcast - Full Episodes,Playlist track
Your Mom's House Podcast - Ep 481 YMH Studio Launch,,,YMH Podcast - Full Episodes,Playlist track
Your Mom's House Podcast - Ep. 480,,,YMH Podcast - Full Episodes,Playlist track
"Your Mom's House Podcast - Ep, 479 w/ Nikki Glaser",,,YMH Podcast - Full Episodes,Playlist track
Your Mom's House Podcast - Ep. 478 w/ Adam Ray,,,YMH Podcast - Full Episodes,Playlist track
Your Mom's House Podcast - Ep. 477 w/ Kyle Dunnigan,,,YMH Podcast - Full Episodes,Playlist track
Your Mom's House Podcast - Ep. 476 w/ Fahim Anwar,,,YMH Podcast - Full Episodes,Playlist track
Your Mom's House Podcast - Ep. 475 w/ Ryan Sickler & Sean Anders,,,YMH Podcast - Full Episodes,Playlist track
Your Mom's House Podcast - Ep. 474,,,YMH Podcast - Full Episodes,Playlist track
Your Mom's House Podcast - Ep. 473 w/ Tom Green,,,YMH Podcast - Full Episodes,Playlist track
Your Mom's House Podcast - Ep. 472 w/ Whitney Cummings,,,YMH Podcast - Full Episodes,Playlist track
Your Mom's House Podcast - Ep. 471 w/ Annie Lederman,,,YMH Podcast - Full Episodes,Playlist track
Your Mom's House Podcast - Ep. 470 w/ Chad Daniels,,,YMH Podcast - Full Episodes,Playlist track
Your Mom's House Podcast - Ep. 469 w/ Felipe Esparza,,,YMH Podcast - Full Episodes,Playlist track
Your Mom's House Podcast - Ep. 468 w/ Finesse Mitchell,,,YMH Podcast - Full Episodes,Playlist track
Your Mom's House Podcast - Ep. 467 w/ H3H3,,,YMH Podcast - Full Episodes,Playlist track
Your Mom's House Podcast - Ep. 466 w/ Andrew Santino,,,YMH Podcast - Full Episodes,Playlist track
Your Mom's House Podcast - Ep. 465 w/ Doug Mellard,,,YMH Podcast - Full Episodes,Playlist track
Your Mom's House Podcast - Ep. 464 w/ Brendan Schaub,,,YMH Podcast - Full Episodes,Playlist track
Your Mom's House Podcast - Ep. 463,,,YMH Podcast - Full Episodes,Playlist track
Your Mom's House Podcast - Ep. 462 w/ Bert Kreischer,,,YMH Podcast - Full Episodes,Playlist track
Your Mom's House Podcast - Ep. 461 w/ Brad Williams,,,YMH Podcast - Full Episodes,Playlist track
Your Mom's House Podcast - Ep. 460 w/ Matt Braunger,,,YMH Podcast - Full Episodes,Playlist track
Your Mom's House Podcast - Ep. 459,,,YMH Podcast - Full Episodes,Playlist track
Your Mom's House Podcast - Ep. 458 w/ Nikki Glaser,,,YMH Podcast - Full Episodes,Playlist track
Your Mom's House Podcast - Ep. 457,,,YMH Podcast - Full Episodes,Playlist track
Your Mom's House Podcast - Ep. 456 w/ Ari Shaffir,,,YMH Podcast - Full Episodes,Playlist track
Your Mom's House Podcast - Ep. 455 w/ Kevin Nealon,,,YMH Podcast - Full Episodes,Playlist track
Your Mom's House Podcast - Ep. 454 w/ Moshe Kasher & Natasha Leggero,,,YMH Podcast - Full Episodes,Playlist track
Your Mom's House Podcast - Ep. 453,,,YMH Podcast - Full Episodes,Playlist track
Your Mom's House Podcast - Ep. 452,,,YMH Podcast - Full Episodes,Playlist track
Your Mom's House Podcast - Ep. 451 w/ Chris D'Elia,,,YMH Podcast - Full Episodes,Playlist track
Your Mom's House Podcast - Ep. 450 w/ Dr. Drew Pinsky,,,YMH Podcast - Full Episodes,Playlist track
Your Mom's House Podcast - Ep. 449 w/ Sam Tripoli,,,YMH Podcast - Full Episodes,Playlist track
Your Mom's House Podcast - Ep. 448,,,YMH Podcast - Full Episodes,Playlist track
Your Mom's House Podcast - Ep. 447 w/ Sarah Tiana,,,YMH Podcast - Full Episodes,Playlist track
Your Mom's House Podcast - Ep. 445 w/ Wheeler Walker Jr. - REUPLOADED,,,YMH Podcast - Full Episodes,Playlist track
Your Mom's House Podcast - Ep. 446 w/ Bobby Lee & Khalyla,,,YMH Podcast - Full Episodes,Playlist track
Your Mom's House Podcast - Ep. 444,,,YMH Podcast - Full Episodes,Playlist track
Your Mom's House Podcast - Ep. 443,,,YMH Podcast - Full Episodes,Playlist track
Your Mom's House Podcast - Ep. 442 w/ Alison Rosen,,,YMH Podcast - Full Episodes,Playlist track
Your Mom's House Podcast - Ep. 441 w/ Tom Rhodes,,,YMH Podcast - Full Episodes,Playlist track
Your Mom's House Podcast - Ep. 440 w/ The Sklar Brothers,,,YMH Podcast - Full Episodes,Playlist track
Your Mom's House Podcast - Ep. 439,,,YMH Podcast - Full Episodes,Playlist track
Your Mom's House Podcast - Ep. 438,,,YMH Podcast - Full Episodes,Playlist track
Your Mom's House Podcast - Ep. 437,,,YMH Podcast - Full Episodes,Playlist track
Your Mom's House Podcast - Ep. 436 w/ Johnny Pemberton,,,YMH Podcast - Full Episodes,Playlist track
Your Mom's House Podcast - Ep. 435,,,YMH Podcast - Full Episodes,Playlist track
Your Mom's House Podcast - Ep. 434 w/ Marc Maron,,,YMH Podcast - Full Episodes,Playlist track
Your Mom's House Podcast - Ep. 433 w/ Bill Burr,,,YMH Podcast - Full Episodes,Playlist track
Your Mom's House Podcast - Ep. 432,,,YMH Podcast - Full Episodes,Playlist track
Your Mom's House Podcast - Ep. 431 w/ Paul Gilmartin,,,YMH Podcast - Full Episodes,Playlist track
Your Mom's House Podcast - Ep. 430,,,YMH Podcast - Full Episodes,Playlist track
Your Mom's House Podcast - Ep. 429 w/ Josh Wolf,,,YMH Podcast - Full Episodes,Playlist track
Your Mom's House Podcast - Ep. 428 LIVE from Irvine 10/8/17,,,YMH Podcast - Full Episodes,Playlist track
Your Mom's House Podcast - Ep. 427 w/ Dr. Drew Pinsky,,,YMH Podcast - Full Episodes,Playlist track
Your Mom's House Podcast - Ep. 426 w/ Pauly Shore,,,YMH Podcast - Full Episodes,Playlist track
Your Mom's House Podcast - Ep. 424 w/ Joey Diaz,,,YMH Podcast - Full Episodes,Playlist track
Your Mom's House Podcast - Ep. 423,,,YMH Podcast - Full Episodes,Playlist track
Your Mom's House Podcast - Ep. 422,,,YMH Podcast - Full Episodes,Playlist track
Your Mom's House Podcast - Ep. 421 w/ Martin Riese,,,YMH Podcast - Full Episodes,Playlist track
Your Mom's House Podcast - Ep. 420,,,YMH Podcast - Full Episodes,Playlist track
Your Mom's House Podcast - Ep. 419 w/ Greg Fitzsimmons,,,YMH Podcast - Full Episodes,Playlist track
Your Mom's House Podcast - Ep. 418,,,YMH Podcast - Full Episodes,Playlist track
Your Mom's House Podcast - Ep. 417,,,YMH Podcast - Full Episodes,Playlist track
Your Mom's House Podcast - Ep. 416 w/ Bert Kreischer,,,YMH Podcast - Full Episodes,Playlist track
Your Mom's House Podcast - Ep. 415 w/ Tom Papa,,,YMH Podcast - Full Episodes,Playlist track
Your Mom's House Podcast - Ep. 414,,,YMH Podcast - Full Episodes,Playlist track
Your Mom's House Podcast - Ep. 413 w/ Brendan Schaub,,,YMH Podcast - Full Episodes,Playlist track
Your Mom's House Podcast LIVE! - Ep. 412,,,YMH Podcast - Full Episodes,Playlist track
Your Mom's House Podcast - Ep. 411 w/ Matt Fulchiron,,,YMH Podcast - Full Episodes,Playlist track
Your Mom's House Podcast - Ep. 410,,,YMH Podcast - Full Episodes,Playlist track
Your Mom's House Podcast - Ep. 409,,,YMH Podcast - Full Episodes,Playlist track
Your Mom's House Podcast - Ep. 408 w/ Ms. Pat,,,YMH Podcast - Full Episodes,Playlist track
Your Mom's House Podcast - Ep. 407,,,YMH Podcast - Full Episodes,Playlist track
Your Mom's House Podcast - Ep. 406 w/ Yoshi Obayashi,,,YMH Podcast - Full Episodes,Playlist track
Your Mom's House Podcast - Ep. 405 w/ Brent Weinbach,,,YMH Podcast - Full Episodes,Playlist track
Your Mom's House Podcast - Ep. 404 w/ Sam Tripoli,,,YMH Podcast - Full Episodes,Playlist track
Your Mom's House Podcast - Ep. 403,,,YMH Podcast - Full Episodes,Playlist track
Your Mom's House Podcast w/ Wheeler Walker Jr. - Ep. 402,,,YMH Podcast - Full Episodes,Playlist track
Your Mom's House Podcast - Ep. 401 w/ Ari Shaffir,,,YMH Podcast - Full Episodes,Playlist track
Your Mom's House Podcast - Ep. 400,,,YMH Podcast - Full Episodes,Playlist track
Your Mom's House Podcast - Ep. 399,,,YMH Podcast - Full Episodes,Playlist track
Your Mom's House Podcast - Ep. 398,,,YMH Podcast - Full Episodes,Playlist track
Your Mom's House Podcast - Ep. 397 w/ Joe Rogan,,,YMH Podcast - Full Episodes,Playlist track
Your Mom's House Podcast - Ep. 396 w/ Water Sommelier,,,YMH Podcast - Full Episodes,Playlist track
Your Mom's House Podcast - Ep. 395,,,YMH Podcast - Full Episodes,Playlist track
Your Mom's House Podcast - Ep. 394,,,YMH Podcast - Full Episodes,Playlist track
Your Mom's House Podcast LIVE: Irvine Late Show w/ Yoshi Obayashi FIXED AUDIO,,,YMH Podcast - Full Episodes,Playlist track
Your Mom's House Podcast - Ep. 393,,,YMH Podcast - Full Episodes,Playlist track
Your Mom's House Podcast - Ep. 392,,,YMH Podcast - Full Episodes,Playlist track
Your Mom's House Podcast - Ep. 391,,,YMH Podcast - Full Episodes,Playlist track
Your Mom's House Podcast - Ep. 390,,,YMH Podcast - Full Episodes,Playlist track
Your Mom's House Podcast - Ep. 389,,,YMH Podcast - Full Episodes,Playlist track
Your Mom's House Podcast - Ep. 388,,,YMH Podcast - Full Episodes,Playlist track
Your Mom's House Podcast - Ep. 387,,,YMH Podcast - Full Episodes,Playlist track
Your Mom's House Podcast - Ep. 386,,,YMH Podcast - Full Episodes,Playlist track
Your Mom's House Podcast LIVE: Early Show Irvine Improv 2/12/17,,,YMH Podcast - Full Episodes,Playlist track
Your Mom's House Podcast - Ep. 385,,,YMH Podcast - Full Episodes,Playlist track
Your Mom's House Podcast - Ep. 384,,,YMH Podcast - Full Episodes,Playlist track
Your Mom's House Podcast - Ep. 383,,,YMH Podcast - Full Episodes,Playlist track
Your Mom's House Podcast - Ep. 382,,,YMH Podcast - Full Episodes,Playlist track
Your Mom's House Podcast - Ep. 381,,,YMH Podcast - Full Episodes,Playlist track
Your Mom's House Podcast - Ep. 380,,,YMH Podcast - Full Episodes,Playlist track
Your Mom's House Podcast - Ep. 379,,,YMH Podcast - Full Episodes,Playlist track
Your Mom's House Podcast - Ep. 378,,,YMH Podcast - Full Episodes,Playlist track
Your Mom's House Podcast - Ep. 377,,,YMH Podcast - Full Episodes,Playlist track
Your Mom's House Podcast - Ep. 376,,,YMH Podcast - Full Episodes,Playlist track
Your Mom's House Podcast - Ep. 375,,,YMH Podcast - Full Episodes,Playlist track
Your Mom's House Podcast - Ep. 374,,,YMH Podcast - Full Episodes,Playlist track
Your Mom's House Podcast - Ep. 373,,,YMH Podcast - Full Episodes,Playlist track
Your Mom's House Podcast - Ep. 372,,,YMH Podcast - Full Episodes,Playlist track
Your Mom's House Podcast - Ep. 371,,,YMH Podcast - Full Episodes,Playlist track
Your Mom's House Podcast - Ep. 370,,,YMH Podcast - Full Episodes,Playlist track
Your Mom's House Podcast - Ep. 369,,,YMH Podcast - Full Episodes,Playlist track
Your Mom's House Podcast - Ep. 368,,,YMH Podcast - Full Episodes,Playlist track
Your Mom's House Podcast - Ep. 367,,,YMH Podcast - Full Episodes,Playlist track
Your Mom's House Podcast - Ep. 366,,,YMH Podcast - Full Episodes,Playlist track
Your Mom's House Podcast - Ep. 365,,,YMH Podcast - Full Episodes,Playlist track
Your Mom's House Podcast - Ep. 364,,,YMH Podcast - Full Episodes,Playlist track
Your Mom's House Podcast - Ep. 363,,,YMH Podcast - Full Episodes,Playlist track
Your Mom's House Podcast - Ep. 362,,,YMH Podcast - Full Episodes,Playlist track
Your Mom's House Podcast - Ep. 361,,,YMH Podcast - Full Episodes,Playlist track
Your Mom's House Podcast - Ep. 360,,,YMH Podcast - Full Episodes,Playlist track
Your Mom's House Podcast - Ep. 359,,,YMH Podcast - Full Episodes,Playlist track
Your Mom's House Podcast - Ep. 358,,,YMH Podcast - Full Episodes,Playlist track
Your Mom's House Podcast - Ep. 357,,,YMH Podcast - Full Episodes,Playlist track
Your Mom's House Podcast - Ep. 356,,,YMH Podcast - Full Episodes,Playlist track
Your Mom's House Podcast - Ep. 355,,,YMH Podcast - Full Episodes,Playlist track
Your Mom's House Podcast - Ep. 354,,,YMH Podcast - Full Episodes,Playlist track
Your Mom's House Podcast - Ep. 353,,,YMH Podcast - Full Episodes,Playlist track
Your Mom's House Podcast - Ep. 352,,,YMH Podcast - Full Episodes,Playlist track
Your Mom's House Podcast - Ep. 351,,,YMH Podcast - Full Episodes,Playlist track
Your Mom's House Podcast - Ep. 350,,,YMH Podcast - Full Episodes,Playlist track
Your Mom's House Podcast - Ep. 349,,,YMH Podcast - Full Episodes,Playlist track
Your Mom's House Podcast - Ep. 348,,,YMH Podcast - Full Episodes,Playlist track
Your Mom's House Podcast - Ep. 347,,,YMH Podcast - Full Episodes,Playlist track
Your Mom's House Podcast - Ep. 346,,,YMH Podcast - Full Episodes,Playlist track
Your Mom's House Podcast - Ep. 345,,,YMH Podcast - Full Episodes,Playlist track
Your Mom's House Podcast - Ep. 344,,,YMH Podcast - Full Episodes,Playlist track
Your Mom's House Podcast - Ep. 343,,,YMH Podcast - Full Episodes,Playlist track
Your Mom's House Podcast - Ep. 342,,,YMH Podcast - Full Episodes,Playlist track
Your Mom's House Podcast - Ep. 341,,,YMH Podcast - Full Episodes,Playlist track
Your Mom's House Podcast - Ep. 340,,,YMH Podcast - Full Episodes,Playlist track
Your Mom's House Podcast - Ep. 339,,,YMH Podcast - Full Episodes,Playlist track
Your Mom's House Podcast - Ep. 338,,,YMH Podcast - Full Episodes,Playlist track
Your Mom's House Podcast - Ep. 337,,,YMH Podcast - Full Episodes,Playlist track
Your Mom's House Podcast - Ep. 336,,,YMH Podcast - Full Episodes,Playlist track
Your Mom's House Podcast - Ep. 335,,,YMH Podcast - Full Episodes,Playlist track
Your Mom's House Podcast - Ep. 334,,,YMH Podcast - Full Episodes,Playlist track
Your Mom's House Podcast - Ep. 333,,,YMH Podcast - Full Episodes,Playlist track
Your Mom's House Podcast - Ep. 332,,,YMH Podcast - Full Episodes,Playlist track
Your Mom's House Podcast - Episode 331,,,YMH Podcast - Full Episodes,Playlist track
Your Mom's House Podcast - Episode 330 -,,,YMH Podcast - Full Episodes,Playlist track
[Deleted video],,,YMH Podcast - Full Episodes,Playlist track
[Private video],,,YMH Podcast - Full Episodes,Playlist track
